{"version":1,"mobs":[{"mobName":"minecraft:enderman","samples":[500,0,0,0]},{"mobName":"minecraft:wither","samples":[500,16,0,0]}],"drops":[{"drop":{"item":"minecraft:nether_star"},"mobs":[{"mobName":"minecraft:wither","sizes":[{"count":1,"looting":0,"samples":500},{"count":1,"looting":1,"samples":16}]}]},{"drop":{"item":"thermalfoundation:material","data":771},"mobs":[{"mobName":"minecraft:wither","sizes":[{"count":1,"looting":0,"samples":81},{"count":1,"looting":1,"samples":2}]}]},{"drop":{"item":"minecraft:ender_pearl"},"mobs":[{"mobName":"minecraft:enderman","sizes":[{"count":1,"looting":0,"samples":247}]}]},{"drop":{"item":"enderio:block_enderman_skull","data":0},"mobs":[{"mobName":"minecraft:enderman","sizes":[{"count":1,"looting":0,"samples":19}]}]}]}