<?xml version="1.0" encoding="UTF-8"?>
<enderio:recipes xmlns:enderio="http://enderio.com/recipes" xmlns:xsi="http://www.w3.org/2001/XMLSchema-instance" xsi:schemaLocation="http://enderio.com/recipes recipes.xsd ">

  <recipe name="Compatibility: Ender Pearl" required="true">
    <crafting>
      <grid size="3x3">
        <item /><item name="POWDER_INFINITY"/><item />
        <item name="POWDER_INFINITY"/><item name="POWDER_INFINITY"/><item name="POWDER_INFINITY"/>
        <item /><item name="POWDER_INFINITY"/><item />
      </grid>
      <output name="minecraft:ender_pearl" amount="3"/>
    </crafting>
  </recipe>
  
</enderio:recipes>
